{
    "LinearRegression": {
        "MAE": 11958667216789.69,
        "RMSE": 126231564836640.34,
        "R2": -2.414126093983545e+26
    },
    "DecisionTree": {
        "MAE": 10.795320247933885,
        "RMSE": 19.335652025315547,
        "R2": 0.3137953235002874
    },
    "RandomForest": {
        "MAE": 9.079147692017578,
        "RMSE": 16.368996392953814,
        "R2": 0.5227390142351988
    },
    "GradientBoosting": {
        "MAE": 9.468265638449674,
        "RMSE": 16.21409689198898,
        "R2": 0.5365697191505017
    },
    "SVR": {
        "MAE": 9.566830694575344,
        "RMSE": 16.669369362731867,
        "R2": 0.5082485411626407
    },
    "KNeighbors": {
        "MAE": 10.714619834710742,
        "RMSE": 17.82903579303339,
        "R2": 0.4340977444767731
    },
    "ExtraTrees": {
        "MAE": 9.502831772268136,
        "RMSE": 16.90572196488653,
        "R2": 0.48317077204452535
    }
}